Nombre,Categoria
perro(1).jpg,1
perro(10).jpg,1
perro(100).jpg,1
perro(101).jpg,1
perro(102).jpg,1
perro(103).jpg,1
perro(104).jpg,1
perro(105).jpg,1
perro(106).jpg,1
perro(107).jpg,1
perro(108).jpg,1
perro(109).jpg,1
perro(11).jpg,1
perro(110).jpg,1
perro(111).jpg,1
perro(112).jpg,1
perro(113).jpg,1
perro(114).jpg,1
perro(115).jpg,1
perro(116).jpg,1
perro(117).jpg,1
perro(118).jpg,1
perro(119).jpg,1
perro(12).jpg,1
perro(120).jpg,1
perro(121).jpg,1
perro(122).jpg,1
perro(123).jpg,1
perro(124).jpg,1
perro(125).jpg,1
perro(126).jpg,1
perro(127).jpg,1
perro(128).jpg,1
perro(129).jpg,1
perro(13).jpg,1
perro(130).jpg,1
perro(131).jpg,1
perro(132).jpg,1
perro(133).jpg,1
perro(134).jpg,1
perro(135).jpg,1
perro(136).jpg,1
perro(137).jpg,1
perro(138).jpg,1
perro(139).jpg,1
perro(14).jpg,1
perro(140).jpg,1
perro(141).jpg,1
perro(142).jpg,1
perro(143).jpg,1
perro(144).jpg,1
perro(145).jpg,1
perro(146).jpg,1
perro(147).jpg,1
perro(148).jpg,1
perro(149).jpg,1
perro(15).jpg,1
perro(150).jpg,1
perro(151).jpg,1
perro(152).jpg,1
perro(153).jpg,1
perro(154).jpg,1
perro(155).jpg,1
perro(156).jpg,1
perro(157).jpg,1
perro(158).jpg,1
perro(159).jpg,1
perro(16).jpg,1
perro(160).jpg,1
perro(161).jpg,1
perro(162).jpg,1
perro(163).jpg,1
perro(164).jpg,1
perro(165).jpg,1
perro(166).jpg,1
perro(167).jpg,1
perro(168).jpg,1
perro(169).jpg,1
perro(17).jpg,1
perro(170).jpg,1
perro(171).jpg,1
perro(172).jpg,1
perro(173).jpg,1
perro(174).jpg,1
perro(175).jpg,1
perro(176).jpg,1
perro(177).jpg,1
perro(178).jpg,1
perro(179).jpg,1
perro(18).jpg,1
perro(180).jpg,1
perro(181).jpg,1
perro(182).jpg,1
perro(183).jpg,1
perro(184).jpg,1
perro(185).jpg,1
perro(186).jpg,1
perro(187).jpg,1
perro(188).jpg,1
perro(189).jpg,1
perro(19).jpg,1
perro(190).jpg,1
perro(191).jpg,1
perro(192).jpg,1
perro(193).jpg,1
perro(194).jpg,1
perro(195).jpg,1
perro(196).jpg,1
perro(197).jpg,1
perro(198).jpg,1
perro(199).jpg,1
perro(2).jpg,1
perro(20).jpg,1
perro(200).jpg,1
perro(201).jpg,1
perro(202).jpg,1
perro(203).jpg,1
perro(204).jpg,1
perro(205).jpg,1
perro(206).jpg,1
perro(207).jpg,1
perro(208).jpg,1
perro(209).jpg,1
perro(21).jpg,1
perro(210).jpg,1
perro(211).jpg,1
perro(212).jpg,1
perro(213).jpg,1
perro(214).jpg,1
perro(215).jpg,1
perro(216).jpg,1
perro(217).jpg,1
perro(218).jpg,1
perro(219).jpg,1
perro(22).jpg,1
perro(220).jpg,1
perro(221).jpg,1
perro(222).jpg,1
perro(223).jpg,1
perro(224).jpg,1
perro(225).jpg,1
perro(226).jpg,1
perro(227).jpg,1
perro(228).jpg,1
perro(229).jpg,1
perro(23).jpg,1
perro(230).jpg,1
perro(231).jpg,1
perro(232).jpg,1
perro(233).jpg,1
perro(234).jpg,1
perro(235).jpg,1
perro(236).jpg,1
perro(237).jpg,1
perro(238).jpg,1
perro(239).jpg,1
perro(24).jpg,1
perro(240).jpg,1
perro(241).jpg,1
perro(242).jpg,1
perro(243).jpg,1
perro(244).jpg,1
perro(245).jpg,1
perro(246).jpg,1
perro(247).jpg,1
perro(248).jpg,1
perro(249).jpg,1
perro(25).jpg,1
perro(250).jpg,1
perro(251).jpg,1
perro(252).jpg,1
perro(253).jpg,1
perro(254).jpg,1
perro(255).jpg,1
perro(256).jpg,1
perro(257).jpg,1
perro(258).jpg,1
perro(259).jpg,1
perro(26).jpg,1
perro(260).jpg,1
perro(261).jpg,1
perro(262).jpg,1
perro(263).jpg,1
perro(264).jpg,1
perro(265).jpg,1
perro(266).jpg,1
perro(267).jpg,1
perro(268).jpg,1
perro(269).jpg,1
perro(27).jpg,1
perro(270).jpg,1
perro(271).jpg,1
perro(272).jpg,1
perro(273).jpg,1
perro(274).jpg,1
perro(275).jpg,1
perro(276).jpg,1
perro(277).jpg,1
perro(278).jpg,1
perro(279).jpg,1
perro(28).jpg,1
perro(280).jpg,1
perro(281).jpg,1
perro(282).jpg,1
perro(283).jpg,1
perro(284).jpg,1
perro(285).jpg,1
perro(286).jpg,1
perro(287).jpg,1
perro(288).jpg,1
perro(289).jpg,1
perro(29).jpg,1
perro(290).jpg,1
perro(291).jpg,1
perro(292).jpg,1
perro(293).jpg,1
perro(294).jpg,1
perro(295).jpg,1
perro(296).jpg,1
perro(297).jpg,1
perro(298).jpg,1
perro(299).jpg,1
perro(3).jpg,1
perro(30).jpg,1
perro(300).jpg,1
perro(301).jpg,1
perro(302).jpg,1
perro(303).jpg,1
perro(304).jpg,1
perro(305).jpg,1
perro(306).jpg,1
perro(307).jpg,1
perro(308).jpg,1
perro(309).jpg,1
perro(31).jpg,1
perro(310).jpg,1
perro(311).jpg,1
perro(312).jpg,1
perro(313).jpg,1
perro(314).jpg,1
perro(315).jpg,1
perro(316).jpg,1
perro(317).jpg,1
perro(318).jpg,1
perro(319).jpg,1
perro(32).jpg,1
perro(320).jpg,1
perro(321).jpg,1
perro(322).jpg,1
perro(323).jpg,1
perro(324).jpg,1
perro(325).jpg,1
perro(326).jpg,1
perro(327).jpg,1
perro(328).jpg,1
perro(329).jpg,1
perro(33).jpg,1
perro(330).jpg,1
perro(331).jpg,1
perro(332).jpg,1
perro(333).jpg,1
perro(334).jpg,1
perro(335).jpg,1
perro(336).jpg,1
perro(337).jpg,1
perro(338).jpg,1
perro(339).jpg,1
perro(34).jpg,1
perro(340).jpg,1
perro(341).jpg,1
perro(342).jpg,1
perro(343).jpg,1
perro(344).jpg,1
perro(345).jpg,1
perro(346).jpg,1
perro(347).jpg,1
perro(348).jpg,1
perro(349).jpg,1
perro(35).jpg,1
perro(350).jpg,1
perro(351).jpg,1
perro(352).jpg,1
perro(353).jpg,1
perro(354).jpg,1
perro(355).jpg,1
perro(356).jpg,1
perro(357).jpg,1
perro(358).jpg,1
perro(359).jpg,1
perro(36).jpg,1
perro(360).jpg,1
perro(361).jpg,1
perro(362).jpg,1
perro(363).jpg,1
perro(364).jpg,1
perro(365).jpg,1
perro(366).jpg,1
perro(367).jpg,1
perro(368).jpg,1
perro(369).jpg,1
perro(37).jpg,1
perro(370).jpg,1
perro(371).jpg,1
perro(372).jpg,1
perro(373).jpg,1
perro(374).jpg,1
perro(375).jpg,1
perro(376).jpg,1
perro(377).jpg,1
perro(378).jpg,1
perro(379).jpg,1
perro(38).jpg,1
perro(380).jpg,1
perro(381).jpg,1
perro(382).jpg,1
perro(383).jpg,1
perro(384).jpg,1
perro(385).jpg,1
perro(386).jpg,1
perro(387).jpg,1
perro(388).jpg,1
perro(389).jpg,1
perro(39).jpg,1
perro(390).jpg,1
perro(391).jpg,1
perro(392).jpg,1
perro(393).jpg,1
perro(394).jpg,1
perro(395).jpg,1
perro(396).jpg,1
perro(397).jpg,1
perro(398).jpg,1
perro(399).jpg,1
perro(4).jpg,1
perro(40).jpg,1
perro(400).jpg,1
perro(401).jpg,1
perro(402).jpg,1
perro(403).jpg,1
perro(404).jpg,1
perro(405).jpg,1
perro(406).jpg,1
perro(407).jpg,1
perro(408).jpg,1
perro(409).jpg,1
perro(41).jpg,1
perro(42).jpg,1
perro(43).jpg,1
perro(44).jpg,1
perro(45).jpg,1
perro(46).jpg,1
perro(47).jpg,1
perro(48).jpg,1
perro(49).jpg,1
perro(5).jpg,1
perro(50).jpg,1
perro(51).jpg,1
perro(52).jpg,1
perro(53).jpg,1
perro(54).jpg,1
perro(55).jpg,1
perro(56).jpg,1
perro(57).jpg,1
perro(58).jpg,1
perro(59).jpg,1
perro(6).jpg,1
perro(60).jpg,1
perro(61).jpg,1
perro(62).jpg,1
perro(63).jpg,1
perro(64).jpg,1
perro(65).jpg,1
perro(66).jpg,1
perro(67).jpg,1
perro(68).jpg,1
perro(69).jpg,1
perro(7).jpg,1
perro(70).jpg,1
perro(71).jpg,1
perro(72).jpg,1
perro(73).jpg,1
perro(74).jpg,1
perro(75).jpg,1
perro(76).jpg,1
perro(77).jpg,1
perro(78).jpg,1
perro(79).jpg,1
perro(8).jpg,1
perro(80).jpg,1
perro(81).jpg,1
perro(82).jpg,1
perro(83).jpg,1
perro(84).jpg,1
perro(85).jpg,1
perro(86).jpg,1
perro(87).jpg,1
perro(88).jpg,1
perro(89).jpg,1
perro(9).jpg,1
perro(90).jpg,1
perro(91).jpg,1
perro(92).jpg,1
perro(93).jpg,1
perro(94).jpg,1
perro(95).jpg,1
perro(96).jpg,1
perro(97).jpg,1
perro(98).jpg,1
perro(99).jpg,1
gato(1).jpg,0
gato(10).jpg,0
gato(100).jpg,0
gato(101).jpg,0
gato(102).jpg,0
gato(103).jpg,0
gato(104).jpg,0
gato(105).jpg,0
gato(106).jpg,0
gato(107).jpg,0
gato(108).jpg,0
gato(109).jpg,0
gato(11).jpg,0
gato(110).jpg,0
gato(111).jpg,0
gato(112).jpg,0
gato(113).jpg,0
gato(114).jpg,0
gato(115).jpg,0
gato(116).jpg,0
gato(117).jpg,0
gato(118).jpg,0
gato(119).jpg,0
gato(12).jpg,0
gato(120).jpg,0
gato(121).jpg,0
gato(122).jpg,0
gato(123).jpg,0
gato(124).jpg,0
gato(125).jpg,0
gato(126).jpg,0
gato(127).jpg,0
gato(128).jpg,0
gato(129).jpg,0
gato(13).jpg,0
gato(130).jpg,0
gato(131).jpg,0
gato(132).jpg,0
gato(133).jpg,0
gato(134).jpg,0
gato(135).jpg,0
gato(136).jpg,0
gato(137).jpg,0
gato(138).jpg,0
gato(139).jpg,0
gato(14).jpg,0
gato(140).jpg,0
gato(141).jpg,0
gato(142).jpg,0
gato(143).jpg,0
gato(144).jpg,0
gato(145).jpg,0
gato(146).jpg,0
gato(147).jpg,0
gato(148).jpg,0
gato(149).jpg,0
gato(15).jpg,0
gato(150).jpg,0
gato(151).jpg,0
gato(152).jpg,0
gato(153).jpg,0
gato(154).jpg,0
gato(155).jpg,0
gato(156).jpg,0
gato(157).jpg,0
gato(158).jpg,0
gato(159).jpg,0
gato(16).jpg,0
gato(160).jpg,0
gato(161).jpg,0
gato(162).jpg,0
gato(163).jpg,0
gato(164).jpg,0
gato(165).jpg,0
gato(166).jpg,0
gato(167).jpg,0
gato(168).jpg,0
gato(169).jpg,0
gato(17).jpg,0
gato(170).jpg,0
gato(171).jpg,0
gato(172).jpg,0
gato(173).jpg,0
gato(174).jpg,0
gato(175).jpg,0
gato(176).jpg,0
gato(177).jpg,0
gato(178).jpg,0
gato(179).jpg,0
gato(18).jpg,0
gato(180).jpg,0
gato(181).jpg,0
gato(182).jpg,0
gato(183).jpg,0
gato(184).jpg,0
gato(185).jpg,0
gato(186).jpg,0
gato(187).jpg,0
gato(188).jpg,0
gato(189).jpg,0
gato(19).jpg,0
gato(190).jpg,0
gato(191).jpg,0
gato(192).jpg,0
gato(193).jpg,0
gato(194).jpg,0
gato(195).jpg,0
gato(196).jpg,0
gato(197).jpg,0
gato(198).jpg,0
gato(199).jpg,0
gato(2).jpg,0
gato(20).jpg,0
gato(200).jpg,0
gato(201).jpg,0
gato(202).jpg,0
gato(203).jpg,0
gato(204).jpg,0
gato(205).jpg,0
gato(206).jpg,0
gato(207).jpg,0
gato(208).jpg,0
gato(209).jpg,0
gato(21).jpg,0
gato(210).jpg,0
gato(211).jpg,0
gato(212).jpg,0
gato(213).jpg,0
gato(214).jpg,0
gato(215).jpg,0
gato(216).jpg,0
gato(217).jpg,0
gato(218).jpg,0
gato(219).jpg,0
gato(22).jpg,0
gato(220).jpg,0
gato(221).jpg,0
gato(222).jpg,0
gato(223).jpg,0
gato(224).jpg,0
gato(225).jpg,0
gato(226).jpg,0
gato(227).jpg,0
gato(228).jpg,0
gato(229).jpg,0
gato(23).jpg,0
gato(230).jpg,0
gato(231).jpg,0
gato(232).jpg,0
gato(233).jpg,0
gato(234).jpg,0
gato(235).jpg,0
gato(236).jpg,0
gato(237).jpg,0
gato(238).jpg,0
gato(239).jpg,0
gato(24).jpg,0
gato(240).jpg,0
gato(241).jpg,0
gato(242).JPG,0
gato(243).JPG,0
gato(244).JPG,0
gato(245).JPG,0
gato(246).JPG,0
gato(247).JPG,0
gato(248).JPG,0
gato(249).JPG,0
gato(25).jpg,0
gato(250).JPG,0
gato(251).JPG,0
gato(252).JPG,0
gato(253).JPG,0
gato(254).JPG,0
gato(255).JPG,0
gato(256).JPG,0
gato(257).JPG,0
gato(258).JPG,0
gato(259).JPG,0
gato(26).jpg,0
gato(260).JPG,0
gato(261).JPG,0
gato(262).JPG,0
gato(263).JPG,0
gato(264).JPG,0
gato(265).JPG,0
gato(266).JPG,0
gato(267).JPG,0
gato(268).JPG,0
gato(269).JPG,0
gato(27).jpg,0
gato(270).JPG,0
gato(271).JPG,0
gato(272).jpg,0
gato(273).jpg,0
gato(274).jpg,0
gato(275).jpg,0
gato(276).jpg,0
gato(277).jpg,0
gato(278).jpg,0
gato(279).jpg,0
gato(28).jpg,0
gato(280).jpg,0
gato(281).jpg,0
gato(282).jpg,0
gato(283).jpg,0
gato(284).jpg,0
gato(285).jpg,0
gato(286).jpg,0
gato(287).jpg,0
gato(288).jpg,0
gato(289).jpg,0
gato(29).jpg,0
gato(290).jpg,0
gato(291).jpg,0
gato(292).jpg,0
gato(293).jpg,0
gato(294).jpg,0
gato(295).jpg,0
gato(296).jpg,0
gato(297).jpg,0
gato(298).jpg,0
gato(299).jpg,0
gato(3).jpg,0
gato(30).jpg,0
gato(300).jpg,0
gato(301).jpg,0
gato(302).jpg,0
gato(303).jpg,0
gato(304).jpg,0
gato(305).jpg,0
gato(306).jpg,0
gato(307).jpg,0
gato(308).jpg,0
gato(309).jpg,0
gato(31).jpg,0
gato(310).jpg,0
gato(311).jpg,0
gato(312).jpg,0
gato(313).jpg,0
gato(314).jpg,0
gato(315).jpg,0
gato(316).jpg,0
gato(317).jpg,0
gato(318).jpg,0
gato(319).jpg,0
gato(32).jpg,0
gato(320).jpg,0
gato(321).jpg,0
gato(322).jpg,0
gato(323).jpg,0
gato(324).jpg,0
gato(325).jpg,0
gato(326).jpg,0
gato(327).jpg,0
gato(328).jpg,0
gato(329).jpg,0
gato(33).jpg,0
gato(330).jpg,0
gato(331).jpg,0
gato(332).jpg,0
gato(333).jpg,0
gato(334).jpg,0
gato(335).jpg,0
gato(336).jpg,0
gato(337).jpg,0
gato(338).jpg,0
gato(339).jpg,0
gato(34).jpg,0
gato(340).jpg,0
gato(341).jpg,0
gato(342).jpg,0
gato(343).jpg,0
gato(344).jpg,0
gato(345).jpg,0
gato(346).jpg,0
gato(347).jpg,0
gato(348).jpg,0
gato(349).jpg,0
gato(35).jpg,0
gato(350).jpg,0
gato(351).jpg,0
gato(352).jpg,0
gato(353).jpg,0
gato(354).jpg,0
gato(355).jpg,0
gato(356).jpg,0
gato(357).jpg,0
gato(358).jpg,0
gato(359).jpg,0
gato(36).jpg,0
gato(360).jpg,0
gato(361).jpg,0
gato(362).jpg,0
gato(363).jpg,0
gato(364).jpg,0
gato(365).jpg,0
gato(366).jpg,0
gato(367).jpg,0
gato(368).jpg,0
gato(369).jpg,0
gato(37).jpg,0
gato(370).jpg,0
gato(371).jpg,0
gato(372).jpg,0
gato(373).jpg,0
gato(374).jpg,0
gato(375).jpg,0
gato(376).jpg,0
gato(377).jpg,0
gato(378).jpg,0
gato(379).jpg,0
gato(38).jpg,0
gato(380).jpg,0
gato(381).jpg,0
gato(382).jpg,0
gato(383).jpg,0
gato(384).jpg,0
gato(385).jpg,0
gato(386).jpg,0
gato(387).jpg,0
gato(388).jpg,0
gato(389).jpg,0
gato(39).jpg,0
gato(390).jpg,0
gato(391).jpg,0
gato(392).jpg,0
gato(393).jpg,0
gato(394).jpg,0
gato(395).jpg,0
gato(396).jpg,0
gato(397).jpg,0
gato(398).jpg,0
gato(399).jpg,0
gato(4).jpg,0
gato(40).jpg,0
gato(400).jpg,0
gato(401).jpg,0
gato(402).jpg,0
gato(403).jpg,0
gato(404).jpg,0
gato(405).jpg,0
gato(406).jpg,0
gato(407).jpg,0
gato(408).jpg,0
gato(409).jpg,0
gato(41).jpg,0
gato(410).jpg,0
gato(411).jpg,0
gato(412).jpg,0
gato(413).jpg,0
gato(414).jpg,0
gato(415).jpg,0
gato(416).jpg,0
gato(417).jpg,0
gato(418).jpg,0
gato(419).jpg,0
gato(42).jpg,0
gato(420).jpg,0
gato(421).jpg,0
gato(422).jpg,0
gato(423).jpg,0
gato(424).jpg,0
gato(425).jpg,0
gato(426).jpg,0
gato(427).jpg,0
gato(428).jpg,0
gato(429).jpg,0
gato(43).jpg,0
gato(430).jpg,0
gato(431).jpg,0
gato(432).jpg,0
gato(433).jpg,0
gato(434).jpg,0
gato(435).jpg,0
gato(436).jpg,0
gato(437).jpg,0
gato(438).jpg,0
gato(439).jpg,0
gato(44).jpg,0
gato(440).jpg,0
gato(441).jpg,0
gato(442).jpg,0
gato(443).jpg,0
gato(444).jpg,0
gato(445).jpg,0
gato(446).jpg,0
gato(447).jpg,0
gato(448).jpg,0
gato(449).jpg,0
gato(45).jpg,0
gato(450).jpg,0
gato(451).jpg,0
gato(452).jpg,0
gato(453).jpg,0
gato(454).jpg,0
gato(455).jpg,0
gato(456).jpg,0
gato(457).jpg,0
gato(458).jpg,0
gato(459).jpg,0
gato(46).jpg,0
gato(460).jpg,0
gato(461).jpg,0
gato(462).jpg,0
gato(463).jpg,0
gato(464).jpg,0
gato(465).jpg,0
gato(466).jpg,0
gato(467).jpg,0
gato(468).jpg,0
gato(469).jpg,0
gato(47).jpg,0
gato(470).jpg,0
gato(471).jpg,0
gato(472).jpg,0
gato(473).jpg,0
gato(474).jpg,0
gato(475).jpg,0
gato(476).jpg,0
gato(477).jpg,0
gato(478).jpg,0
gato(479).jpg,0
gato(48).jpg,0
gato(480).jpg,0
gato(481).jpg,0
gato(482).jpg,0
gato(483).jpg,0
gato(484).jpg,0
gato(485).jpg,0
gato(486).jpg,0
gato(487).jpg,0
gato(488).jpg,0
gato(489).jpg,0
gato(49).jpg,0
gato(490).jpg,0
gato(491).jpg,0
gato(492).jpg,0
gato(493).jpg,0
gato(494).jpg,0
gato(495).jpg,0
gato(496).jpg,0
gato(497).jpg,0
gato(498).jpg,0
gato(499).jpg,0
gato(5).jpg,0
gato(50).jpg,0
gato(500).jpg,0
gato(51).jpg,0
gato(52).jpg,0
gato(53).jpg,0
gato(54).jpg,0
gato(55).jpg,0
gato(56).jpg,0
gato(57).jpg,0
gato(58).jpg,0
gato(59).jpg,0
gato(6).jpg,0
gato(60).jpg,0
gato(61).jpg,0
gato(62).jpg,0
gato(63).jpg,0
gato(64).jpg,0
gato(65).jpg,0
gato(66).jpg,0
gato(67).jpg,0
gato(68).jpg,0
gato(69).jpg,0
gato(7).jpg,0
gato(70).jpg,0
gato(71).jpg,0
gato(72).jpg,0
gato(73).jpg,0
gato(74).jpg,0
gato(75).jpg,0
gato(76).jpg,0
gato(77).jpg,0
gato(78).jpg,0
gato(79).jpg,0
gato(8).jpg,0
gato(80).jpg,0
gato(81).jpg,0
gato(82).jpg,0
gato(83).jpg,0
gato(84).jpg,0
gato(85).jpg,0
gato(86).jpg,0
gato(87).jpg,0
gato(88).jpg,0
gato(89).jpg,0
gato(9).jpg,0
gato(90).jpg,0
gato(91).jpg,0
gato(92).jpg,0
gato(93).jpg,0
gato(94).jpg,0
gato(95).jpg,0
gato(96).jpg,0
gato(97).jpg,0
gato(98).jpg,0
gato(99).jpg,0
